{
  "id": "turn-prep",
  "title": "Turn Prep - D&D 5e Turn Preparation Module",
  "description": "Help players prepare their next turn in advance with action planning, bonus action selection, and turn management. Integrates with Tidy 5e Sheets with fallback support for default D&D 5e sheets.",
  "version": "1.0.1",
  "compatibility": {
    "minimum": "13",
    "verified": "13"
  },
  "authors": [
    {
      "name": "Your Name"
    }
  ],
  "relationships": {
    "systems": [
      {
        "id": "dnd5e",
        "type": "system"
      }
    ],
    "optional": [
      {
        "id": "tidy5e-sheet",
        "type": "module"
      }
    ]
  },
  "esmodules": [
    "turn-prep.js"
  ],
  "styles": [
    "turn-prep.css"
  ],
  "languages": [
    {
      "lang": "en",
      "name": "English",
      "path": "lang/en.json"
    }
  ],
  "url": "https://github.com/Zimos3D/turn_prep",
  "manifest": "https://github.com/Zimos3D/turn_prep/releases/download/latest/module.json",
  "download": "https://github.com/Zimos3D/turn_prep/releases/download/latest/turn-prep.zip"
}
